2022플라이하이KPOP,2022.1.24,2022.1.24,30000,https://www.m-i.kr/news/photo/202201/893160_660713_4514.jpg
2022Weverse Con,,2022.12.31,2022.12.31,55000,https://img.mbn.co.kr/filewww/news/other/2021/12/07/112640202222.jpg
2022조용필&위대한탄생,,2022.12.4,2022.12.4,70000,https://tkfile.yes24.com/upload2/PerfBlog/202210/20221018/20221018-43844.jpg
2022타임캡슐 슈퍼콘서트,,2022.7.16,2022.7.16,50000,https://cdn.eyesmag.com/content/uploads/sliderImages/2022/01/27/SE-SO-NEON-2022-LIVE-01-bac4b5df-031b-4084-8a12-cd311d558402.jpg
2022 주요공연 라인업,,2022.1.19,2022.1.19,40000,https://images.khan.co.kr/article/2022/05/11/l_2022051102000649200120181.jpg
SE SO NEON 2022 LIVE,,2022.2.25,2022.2.27,47000,https://ticketimage.interpark.com/PlayDictionary/DATA/PlayDic/PlayDicUpload/Magazine/2022/01/03_142848.jpg
2022파워풀 대구 K-POP,,2022.10.9,2022.10.9,120000,https://image.toast.com/aaaaab/ticketlink/TKL_1/k-pop_221001.jpg
First Love 콘서트,,2022.4.16,2022.4.16,53000,https://tkfile.yes24.com/upload2/PerfBlog/202203/20220322/20220322-41707.jpg
BTS PERPESSION TO DANCE,,2022.3.10,2022.3.12,225000,https://file.mk.co.kr/meet/neds/2022/02/image_readtop_2022_145752_16449735454948075.jpg
?2022 SF9 LIVE FANTASY #3 IMPERFECT,,2022.1.21,2022.1.23,80000,https://cdn.ggilbo.com/news/photo/202208/926664_758654_3119.png
2022년 The e-끌림 콘서트,,2022.1.27,2022.1.27,10000,https://fncent.com/files/2021/12/24/8ec7f4864c159a51cc67e50fa4ae6d35135813.jpg
아이유의 단독 콘서트 ‘The Golden Hour :,,2022.9.17,2022.9.19,145000,https://file.newswire.co.kr/data/datafile2/thumb_640/2022/01/3529986855_20220112163508_2841189713.jpg
2022 인문학콘서트Ⅰ-영화의 모든 것,,2022.4.7,2022.4.7,10000,https://img.seoul.co.kr//img/upload/2022/02/18/SSI_20220218151321.jpg
2022 임영웅 콘서트 [IM HERO] 앵콜,,2022.12.10,2022.12.12,60000,https://culture.seoul.go.kr/cmmn/file/imageSrc.do?fileStreCours=35367259ca6485b8ea26e64a6b235a538d785fcac65fb99fe8c7e7c67147e0c1&streFileNm=7a408eea7cabf1ce0bf508c7a4494e8c4200ca52209836814279c2c87fbc6042
위클래식’ 2022년 콘서트,,2022.1.22,2022.1.25,50000,https://tkfile.yes24.com/upload2/PerfBlog/202210/20221026/20221026-43825.jpg
2022 드림콘서트,,2022.6.18,2022.6.18,100000,https://cdn.mhns.co.kr/news/photo/202111/516734_625159_842.png
인천 K-POP 콘서트,,2022.10.1,2022.10.1,110000,https://image.ytn.co.kr/general/jpg/2022/0425/202204251748092852_d.jpg
2022 WINNER 콘서트,,2022.4.30,2022.5.1,80000,https://image.toast.com/aaaaab/ticketlink/TKL_5/ink_web_ko_220906.jpg
아이유의 단독 콘서트 ‘The Golden Hour :,,2022.9.17,2022.9.19,145000,https://cdn.mhns.co.kr/news/photo/202206/529451_641030_2741.jpg
2022 ICON 콘서트,,2022.6.25,2022.6.26,56000,https://file.mk.co.kr/meet/neds/2022/04/image_readtop_2022_309597_16492933925000460.jpg
2022 장민호&이찬원 콘서트,,2022.5.6,2022.5.8,98000,https://t.011st.com/imgUpload/Down/Perf/202210/1518aa11-ad5b-41e1-834c-e88246ff896a.png
2022 드림콘서트,,2022.6.18,2022.6.18,100000,https://cdn.woman.chosun.com/news/photo/202204/97493_80315_043.jpg
인천 K-POP 콘서트,,2022.10.1,2022.10.1,110000,https://blog.kakaocdn.net/dn/O9QUD/btrEovApVld/CDkRWOkh3VHeKCDKIhdsk0/img.png
2022 WINNER 콘서트,,2022.4.30,2022.5.1,80000,https://cdn.topstarnews.net/news/photo/202205/14693005_795767_1839.jpg
아이유의 단독 콘서트 ‘The Golden Hour :,,2022.9.17,2022.9.19,82066.66667,https://cdn.gametoc.co.kr/news/photo/202209/68615_213194_1519.jpg
2023 ICON 콘서트,,2022.6.25,2022.6.26,77466.66667,https://img.hankyung.com/photo/202208/43e29fc3457fedc2488636698c4f0a26.jpg
2023 장민호&이찬원 콘서트,,2022.5.6,2022.5.8,72866.66667,https://blog.kakaocdn.net/dn/bNObfg/btrMkfYBaYD/u1f6bk9ME7YMwcbp5NVZGk/img.jpg
2023 드림콘서트,,2022.6.18,2022.6.18,68266.66667,https://imgmmw.mbn.co.kr/storage/news/2022/01/19/dad888d4881f7cf571ee996b7e09583f.jpg
인천 K-POP 콘서트,,2022.10.1,2022.10.1,63666.66667,https://www.koit.co.kr/news/photo/202301/108268_60543_5238.jpg
2023 WINNER 콘서트,,2022.4.31,2022.5.2,59066.66667,https://cdn.gukjenews.com/news/photo/202212/2616867_2628465_4728.jpg
아이유의 단독 콘서트 ‘The Golden Hour :,,2022.9.17,2022.9.19,54466.66667,https://mblogthumb-phinf.pstatic.net/MjAyMjA5MDJfNDMg/MDAxNjYyMDk5NzI2NDIx.anukaCD-wvpb9krjy-QbgXDQBTQ7DmXJteLQ2BQAXQEg.qEoPTPWJfVFJx5vl-CQZb9Mw8vZoY2NBG8XmIFTid2wg.JPEG.discoverincheon/(%ED%99%8D%EB%B3%B4%EC%9A%A9)%EC%A0%9C13%ED%9A%8C_INK%EC%BD%98%EC%84%9C%ED%8A%B8_%ED%82%A4%EB%B9%84%EC%A3%BC%EC%96%BC_%EC%B6%9C%EC%97%B0%EC%A7%84_%ED%91%9C%EA%B8%B0%EC%97%86%EC%9D%8C(220901144416).jpg?type=w800
2024 ICON 콘서트,,2022.6.25,2022.6.26,49866.66667,https://www.sejongpac.or.kr/cmmn/file/linkedxmlImg.do?performIdx=33519
아이유의 단독 콘서트 ‘The Golden Hour :,,2022.9.17,2022.9.19,45266.66667,https://www.incheon.go.kr/data/editor/20220106/202201061627329561.jpg
2023 ICON 콘서트,,2022.6.25,2022.6.26,40666.66667,https://cdn.eyesmag.com/content/uploads/sliderImages/2022/01/27/SE-SO-NEON-2022-LIVE-02-e59b9974-7123-4d8f-9e2a-1d950922e6d6.jpg
2023 장민호&이찬원 콘서트,,2022.5.6,2022.5.8,36066.66667,https://img.hankyung.com/photo/202210/01.31554335.1.jpg
2023 드림콘서트,,2022.6.18,2022.6.18,31466.66667,https://talkimg.imbc.com/TVianUpload/tvian/TViews/image/2022/04/19/5fe50387-5d63-4198-bbac-244b5513c045.jpg
인천 K-POP 콘서트,,2022.10.1,2022.10.1,26866.66667,https://cdn.shopify.com/s/files/1/0702/2837/7893/files/L200002677____2022_Blu-ray.jpg?v=1683529428
2023 WINNER 콘서트,,2022.4.31,2022.5.2,22266.66667,https://playgwangju.co.kr/data/file/concert/989889322_gXZcVWK4_82a589c4afefac4135db8a3478f99f8a57698067.jpg
아이유의 단독 콘서트 ‘The Golden Hour :,,2022.9.17,2022.9.19,17666.66667,https://cdn.ggilbo.com/news/photo/202208/927256_759300_343.jpg
2024 ICON 콘서트,,2022.6.25,2022.6.26,13066.66667,https://i.ytimg.com/vi/qLh_McTTGGQ/maxresdefault.jpg
2024 장민호&이찬원 콘서트,,2022.5.6,2022.5.8,8466.666667,https://cdn.ksilbo.co.kr/news/photo/202201/923409_519851_2942.jpg
아이유의 단독 콘서트 ‘The Golden Hour :,,2022.9.17,2022.9.19,3866.666667,https://image.toast.com/aaaaab/ticketlink/TKL_4/junsu_poster_0228.jpg
아이유의 단독 콘서트 ‘The Golden Hour :,,2022.9.17,2022.9.19,-733.3333333,https://image.newsis.com/2022/10/04/NISI20221004_0001099575_web.jpg
