Image URL,Filename
https://www.m-i.kr/news/photo/202201/893160_660713_4514.jpg,1.jpg
https://img.mbn.co.kr/filewww/news/other/2021/12/07/112640202222.jpg,2.jpg
https://tkfile.yes24.com/upload2/PerfBlog/202210/20221018/20221018-43844.jpg,3.jpg
https://cdn.eyesmag.com/content/uploads/sliderImages/2022/01/27/SE-SO-NEON-2022-LIVE-01-bac4b5df-031b-4084-8a12-cd311d558402.jpg,4.jpg
https://images.khan.co.kr/article/2022/05/11/l_2022051102000649200120181.jpg,5.jpg
https://ticketimage.interpark.com/PlayDictionary/DATA/PlayDic/PlayDicUpload/Magazine/2022/01/03_142848.jpg,6.jpg
https://image.toast.com/aaaaab/ticketlink/TKL_1/k-pop_221001.jpg,7.jpg
https://tkfile.yes24.com/upload2/PerfBlog/202203/20220322/20220322-41707.jpg,8.jpg
https://file.mk.co.kr/meet/neds/2022/02/image_readtop_2022_145752_16449735454948075.jpg,9.jpg
https://cdn.ggilbo.com/news/photo/202208/926664_758654_3119.png,10.jpg
https://fncent.com/files/2021/12/24/8ec7f4864c159a51cc67e50fa4ae6d35135813.jpg,11.jpg
https://file.newswire.co.kr/data/datafile2/thumb_640/2022/01/3529986855_20220112163508_2841189713.jpg,12.jpg
https://img.seoul.co.kr//img/upload/2022/02/18/SSI_20220218151321.jpg,13.jpg
https://culture.seoul.go.kr/cmmn/file/imageSrc.do?fileStreCours=35367259ca6485b8ea26e64a6b235a538d785fcac65fb99fe8c7e7c67147e0c1&streFileNm=7a408eea7cabf1ce0bf508c7a4494e8c4200ca52209836814279c2c87fbc6042,14.jpg
https://tkfile.yes24.com/upload2/PerfBlog/202210/20221026/20221026-43825.jpg,15.jpg
https://cdn.mhns.co.kr/news/photo/202111/516734_625159_842.png,16.jpg
https://image.ytn.co.kr/general/jpg/2022/0425/202204251748092852_d.jpg,17.jpg
https://image.toast.com/aaaaab/ticketlink/TKL_5/ink_web_ko_220906.jpg,18.jpg
https://cdn.mhns.co.kr/news/photo/202206/529451_641030_2741.jpg,19.jpg
https://file.mk.co.kr/meet/neds/2022/04/image_readtop_2022_309597_16492933925000460.jpg,20.jpg
https://t.011st.com/imgUpload/Down/Perf/202210/1518aa11-ad5b-41e1-834c-e88246ff896a.png,21.jpg
https://cdn.woman.chosun.com/news/photo/202204/97493_80315_043.jpg,22.jpg
https://blog.kakaocdn.net/dn/O9QUD/btrEovApVld/CDkRWOkh3VHeKCDKIhdsk0/img.png,23.jpg
https://cdn.topstarnews.net/news/photo/202205/14693005_795767_1839.jpg,24.jpg
https://cdn.gametoc.co.kr/news/photo/202209/68615_213194_1519.jpg,25.jpg
https://img.hankyung.com/photo/202208/43e29fc3457fedc2488636698c4f0a26.jpg,26.jpg
https://blog.kakaocdn.net/dn/bNObfg/btrMkfYBaYD/u1f6bk9ME7YMwcbp5NVZGk/img.jpg,27.jpg
https://imgmmw.mbn.co.kr/storage/news/2022/01/19/dad888d4881f7cf571ee996b7e09583f.jpg,28.jpg
https://www.koit.co.kr/news/photo/202301/108268_60543_5238.jpg,29.jpg
https://cdn.gukjenews.com/news/photo/202212/2616867_2628465_4728.jpg,30.jpg
https://mblogthumb-phinf.pstatic.net/MjAyMjA5MDJfNDMg/MDAxNjYyMDk5NzI2NDIx.anukaCD-wvpb9krjy-QbgXDQBTQ7DmXJteLQ2BQAXQEg.qEoPTPWJfVFJx5vl-CQZb9Mw8vZoY2NBG8XmIFTid2wg.JPEG.discoverincheon/(%ED%99%8D%EB%B3%B4%EC%9A%A9)%EC%A0%9C13%ED%9A%8C_INK%EC%BD%98%EC%84%9C%ED%8A%B8_%ED%82%A4%EB%B9%84%EC%A3%BC%EC%96%BC_%EC%B6%9C%EC%97%B0%EC%A7%84_%ED%91%9C%EA%B8%B0%EC%97%86%EC%9D%8C(220901144416).jpg?type=w800,31.jpg
https://www.sejongpac.or.kr/cmmn/file/linkedxmlImg.do?performIdx=33519,32.jpg
https://www.incheon.go.kr/data/editor/20220106/202201061627329561.jpg,33.jpg
https://cdn.eyesmag.com/content/uploads/sliderImages/2022/01/27/SE-SO-NEON-2022-LIVE-02-e59b9974-7123-4d8f-9e2a-1d950922e6d6.jpg,34.jpg
https://img.hankyung.com/photo/202210/01.31554335.1.jpg,35.jpg
https://talkimg.imbc.com/TVianUpload/tvian/TViews/image/2022/04/19/5fe50387-5d63-4198-bbac-244b5513c045.jpg,36.jpg
https://cdn.shopify.com/s/files/1/0702/2837/7893/files/L200002677____2022_Blu-ray.jpg?v=1683529428,37.jpg
https://playgwangju.co.kr/data/file/concert/989889322_gXZcVWK4_82a589c4afefac4135db8a3478f99f8a57698067.jpg,38.jpg
https://cdn.ggilbo.com/news/photo/202208/927256_759300_343.jpg,39.jpg
https://i.ytimg.com/vi/qLh_McTTGGQ/maxresdefault.jpg,40.jpg
https://cdn.ksilbo.co.kr/news/photo/202201/923409_519851_2942.jpg,41.jpg
https://image.toast.com/aaaaab/ticketlink/TKL_4/junsu_poster_0228.jpg,42.jpg
https://image.newsis.com/2022/10/04/NISI20221004_0001099575_web.jpg,43.jpg
